<?xml version="1.0" encoding="UTF-8"?>
<metadata xmlns="http://www.demandware.com/xml/impex/metadata/2006-10-31">
    <custom-type type-id="HoolahRefundRequest">
        <display-name xml:lang="x-default">HoolahRefundRequest</display-name>
        <staging-mode>no-staging</staging-mode>
        <storage-scope>organization</storage-scope>
        <key-definition attribute-id="orderNo">
            <type>string</type>
            <min-length>0</min-length>
        </key-definition>
        <attribute-definitions>
            <attribute-definition attribute-id="isError">
                <display-name xml:lang="x-default">Hoolah request status</display-name>
                <type>boolean</type>
                <mandatory-flag>false</mandatory-flag>
                <externally-managed-flag>false</externally-managed-flag>
            </attribute-definition>
            <attribute-definition attribute-id="orderRefundAmount">
                <display-name xml:lang="x-default">Order refund amount</display-name>
                <type>double</type>
                <localizable-flag>false</localizable-flag>
                <mandatory-flag>false</mandatory-flag>
                <externally-managed-flag>false</externally-managed-flag>
            </attribute-definition>
            <attribute-definition attribute-id="orderRefundItems">
                <display-name xml:lang="x-default">Order Refund Items</display-name>
                <type>set-of-string</type>
                <localizable-flag>false</localizable-flag>
                <mandatory-flag>false</mandatory-flag>
                <externally-managed-flag>false</externally-managed-flag>
            </attribute-definition>
            <attribute-definition attribute-id="orderResource">
                <display-name xml:lang="x-default">Hoolah refund description</display-name>
                <type>string</type>
                <localizable-flag>false</localizable-flag>
                <mandatory-flag>true</mandatory-flag>
                <externally-managed-flag>false</externally-managed-flag>
                <min-length>0</min-length>
            </attribute-definition>
        </attribute-definitions>
        <group-definitions>
            <attribute-group group-id="Hoolah Payment">
                <display-name xml:lang="x-default">Hoolah Payment</display-name>
                <attribute attribute-id="orderNo"/>
                <attribute attribute-id="orderResource"/>
                <attribute attribute-id="orderRefundItems"/>
                <attribute attribute-id="orderRefundAmount"/>
                <attribute attribute-id="isError"/>
            </attribute-group>
        </group-definitions>
    </custom-type>

</metadata>
