<?xml version="1.0" encoding="UTF-8"?>
<metadata xmlns="http://www.demandware.com/xml/impex/metadata/2006-10-31">
    <custom-type type-id="HoolahRefundRequest">
        <display-name xml:lang="x-default">HoolahRefundRequest</display-name>
        <staging-mode>no-staging</staging-mode>
        <storage-scope>organization</storage-scope>
        <key-definition attribute-id="ID">
            <type>string</type>
            <min-length>0</min-length>
        </key-definition>
        <attribute-definitions>
            <attribute-definition attribute-id="amount">
                <display-name xml:lang="x-default">Amount</display-name>
                <type>string</type>
                <localizable-flag>false</localizable-flag>
                <mandatory-flag>false</mandatory-flag>
                <externally-managed-flag>false</externally-managed-flag>
                <min-length>0</min-length>
            </attribute-definition>
            <attribute-definition attribute-id="description">
                <display-name xml:lang="x-default">Description</display-name>
                <type>string</type>
                <localizable-flag>false</localizable-flag>
                <mandatory-flag>false</mandatory-flag>
                <externally-managed-flag>false</externally-managed-flag>
                <min-length>0</min-length>
            </attribute-definition>
            <attribute-definition attribute-id="items">
                <display-name xml:lang="x-default">SKU of product to partial refund - optional</display-name>
                <type>set-of-string</type>
                <localizable-flag>false</localizable-flag>
                <mandatory-flag>false</mandatory-flag>
                <externally-managed-flag>false</externally-managed-flag>
            </attribute-definition>
            <attribute-definition attribute-id="order-uuid">
                <display-name xml:lang="x-default">Hoolah order's uuid</display-name>
                <type>string</type>
                <localizable-flag>false</localizable-flag>
                <mandatory-flag>false</mandatory-flag>
                <externally-managed-flag>false</externally-managed-flag>
                <min-length>0</min-length>
            </attribute-definition>
        </attribute-definitions>
        <group-definitions>
            <attribute-group group-id="HoolahRefundRequest">
                <display-name xml:lang="x-default">HoolahRefundRequest</display-name>
                <attribute attribute-id="ID"/>
                <attribute attribute-id="order-uuid"/>
                <attribute attribute-id="description"/>
                <attribute attribute-id="amount"/>
                <attribute attribute-id="items"/>
            </attribute-group>
        </group-definitions>
    </custom-type>

</metadata>
