<?xml version="1.0" encoding="UTF-8"?>
<customer-groups xmlns="http://www.demandware.com/xml/impex/customergroup/2007-06-30">
    <customer-group group-id="Big Spenders">
        <description>Customers who have spent more then $200 in the last month</description>
        <membership-rule>
            <included-customers>
                <condition-group match-mode="all">
                    <condition>
                        <attribute-path>customer.activeData.orderValueMonth</attribute-path>
                        <operator>is-greater-than</operator>
                        <number>200.0</number>
                    </condition>
                </condition-group>
            </included-customers>
        </membership-rule>
        <custom-attributes/>
    </customer-group>
    <customer-group group-id="Customer SG - MY">
        <description>Customer Group who is from MY or SG can see payment method Hoolah
in Checkout Billing</description>
        <membership-rule>
            <included-customers>
                <condition-group match-mode="all">
                    <condition>
                        <attribute-path>request.geolocation.countryCode</attribute-path>
                        <operator>is-equal</operator>
                        <string>SG</string>
                    </condition>
                </condition-group>
                <condition-group match-mode="all">
                    <condition>
                        <attribute-path>request.geolocation.countryCode</attribute-path>
                        <operator>is-equal</operator>
                        <string>MY</string>
                    </condition>
                </condition-group>
            </included-customers>
        </membership-rule>
        <custom-attributes/>
    </customer-group>

    <customer-group group-id="Everyone">
        <description>Represents all customers of the site, both unregistered and registered.</description>
        <custom-attributes/>
    </customer-group>

    <customer-group group-id="Registered">
        <description>Represents all registered customers of the site.</description>
        <custom-attributes/>
    </customer-group>

    <customer-group group-id="Unregistered">
        <description>Represents all unregistered customers of the site.</description>
        <custom-attributes/>
    </customer-group>

</customer-groups>
