<?xml version="1.0" encoding="UTF-8"?>
<payment-settings xmlns="http://www.demandware.com/xml/impex/paymentsettings/2009-09-15">
    <payment-method method-id="Hoolah">
        <name xml:lang="x-default">Hoolah</name>
        <enabled-flag>true</enabled-flag>
        <processor-id>Hoolah</processor-id>
        <customer-groups>
            <customer-group group-id="Customer SG - MY"/>
        </customer-groups>
    </payment-method>oolah</processor-id>
    </payment-method>
</payment-settings>
