<?xml version="1.0" encoding="UTF-8"?>
<preferences xmlns="http://www.demandware.com/xml/impex/preferences/2007-03-31">
    <custom-preferences>
        <all-instances/>
        <development>
            <preference preference-id="enableHoolah">true</preference>
            <preference preference-id="hoolahLandingPageMalay">https://my.demo-js.demo-hoolah.co/?ORDER_CONTEXT_TOKEN={0}&amp;platform=bespoke&amp;version=1.0.1</preference>
            <preference preference-id="hoolahLandingPageSing">https://demo-js.demo-hoolah.co/?ORDER_CONTEXT_TOKEN={0}&amp;platform=bespoke&amp;version=1.0.1</preference>
        </development>
        <staging/>
        <production>
			<preference preference-id="enableHoolah">true</preference>
            <preference preference-id="hoolahLandingPageMalay">https://my.js.secure-hoolah.co/?ORDER_CONTEXT_TOKEN={0}&amp;platform=bespoke&amp;version=1.0.1</preference>
            <preference preference-id="hoolahLandingPageSing">https://js.secure-hoolah.co/?ORDER_CONTEXT_TOKEN={0}&amp;platform=bespoke&amp;version=1.0.1</preference>
		</production>
    </custom-preferences>
</preferences>