<?xml version="1.0" encoding="UTF-8"?>
<payment-processors xmlns="http://www.demandware.com/xml/impex/paymentprocessor/2007-03-31">
    <payment-processor processor-id="AMAZON_PAY">
        <description>Amazon Pay online payment service that makes checkout on the site for hundreds of millions of Amazon customers (test and production systems).</description>
        <preferences>
            <all-instances/>
            <development/>
            <staging/>
            <production/>
        </preferences>
    </payment-processor>

</payment-processors>
