<?xml version="1.0" encoding="UTF-8"?>
<services xmlns="http://www.demandware.com/xml/impex/services/2014-09-26">
    <service-credential service-credential-id="hoolah-auth-cre-MY">
        <url>https://demo-merchant-service.demo-hoolah.co/merchant/auth/login</url>
        <user-id>de7245a6-9d5b-4724-a539-d317465be95a</user-id>
        <password encrypted="true" encryption-type="common.export">pqlnnWakpuQAZqjutqBPdnzbiM+svvTBrOkyAPXhHpnr47XlN/2qw6PyJx68WXYcnoL5yEX6sDiPfv5ayfDEIw==</password>
    </service-credential>

    <service-credential service-credential-id="hoolah-auth-cre-SG">
        <url>https://demo-merchant-service.demo-hoolah.co/merchant/auth/login</url>
        <user-id>64896d47-f265-4c40-ad20-1196dbf0ec87</user-id>
        <password encrypted="true" encryption-type="common.export">AAZ2sC5rPVMELWcwKmNL342pSSIcwwEhOV9fc8yCBbK+tA/wgipYYhVjM9gwM3FuNnhU3Wj7j8eNI7gMakzvlA==</password>
    </service-credential>

    <service-credential service-credential-id="hoolah.http.payment.order.cred">
        <url>https://demo-merchant-service.demo-hoolah.co/merchant</url>
        <user-id>sample@mail.com</user-id>
        <password encrypted="true" encryption-type="common.export">O7b8MmRbWARnl5ai3HPocf3YLcqOGvowYK0Qa3V1UQio7S6bmnFmYDGA3UM3VQgo</password>
    </service-credential>

    <service-profile service-profile-id="hoolah.http.payment.prof">
        <timeout-millis>60000</timeout-millis>
        <rate-limit-enabled>false</rate-limit-enabled>
        <rate-limit-calls>0</rate-limit-calls>
        <rate-limit-millis>0</rate-limit-millis>
        <cb-enabled>false</cb-enabled>
        <cb-calls>10</cb-calls>
        <cb-millis>5000</cb-millis>
    </service-profile>

    <service service-id="hoolah.http.payment">
        <service-type>HTTP</service-type>
        <enabled>true</enabled>
        <log-prefix>hoolah_http_payment</log-prefix>
        <comm-log-enabled>false</comm-log-enabled>
        <force-prd-enabled>true</force-prd-enabled>
        <mock-mode-enabled>false</mock-mode-enabled>
        <profile-id>hoolah.http.payment.prof</profile-id>
        <credential-id>hoolah-auth-cre-MY</credential-id>
    </service>

</services>
